{"cameraMode":{"drawMode":0,"name":"Shaded","section":"Shading Mode"},"sceneLighting":false,"audioPlay":false,"sceneViewState":{"showFog":true,"showMaterialUpdate":true,"showSkybox":false,"showFlares":true,"showImageEffects":true,"showParticleSystems":true},"in2DMode":false,"pivot":{"x":161.92774963378907,"y":147.14463806152345,"z":172.92945861816407},"rotation":{"x":0.18447360396385194,"y":0.2770345211029053,"z":-0.05428532138466835,"w":0.9414215683937073},"size":0.22859233617782594,"orthographic":false}